seed_search,seed_run,n_layers,hidden_units,batch_size,lr,weight_decay,val_split,patience,reduce_plateau,num_epochs,lambda_data,lambda_rss,lambda_azimuth,lambda_bc,n_collocation,n_boundary_collocation,resampling_period,test_mse,test_rmse,test_50th,test_75th,test_90th,test_mae,test_min_ae,test_max_ae,develop_buffer,develop_channel,develop_polarization,develop_preprocess,develop_task,develop_split,test_buffer,test_channel,test_polarization,test_preprocess,test_task,test_split
,42,2,[8],256,0.1,0.01,0.2,10,0.1,500,1.0,0.0,0.0,0.0,10000,256,10,0.2707352638244629,0.5203222632408142,0.2926514148712158,0.4523148536682129,0.7774757146835327,0.3722062408924103,0.004489387385547161,4.360687732696533,1000,37,2nd,False,static_north,0.8,1000,37,2nd,False,static_north,0.2
,42,2,[8],256,0.1,0.01,0.2,10,0.1,500,1.0,0.0,0.0,0.0,10000,256,10,0.2707352638244629,0.5203222632408142,0.2926514148712158,0.4523148536682129,0.7774757146835327,0.3722062408924103,0.004489387385547161,4.360687732696533,1000,37,2nd,False,static_north,0.8,1000,37,2nd,False,static_north,0.2
,42,2,[8],256,0.1,0.01,0.2,10,0.1,500,1.0,0.0,0.0,0.0,10000,256,10,0.34731245040893555,0.5893322229385376,0.40307897329330444,0.6365466713905334,0.8887898325920105,0.4699726700782776,0.009232941083610058,4.74887752532959,1000,37,2nd,False,static_north,0.19999999999999996,1000,37,2nd,False,static_north,0.8
