seed_search,seed_run,n_layers,hidden_units,batch_size,lr,weight_decay,val_split,patience,reduce_plateau,num_epochs,lambda_data,lambda_rss,lambda_azimuth,lambda_bc,n_collocation,n_boundary_collocation,resampling_period,test_mse,test_rmse,test_50th,test_75th,test_90th,test_mae,test_min_ae,test_max_ae,develop_buffer,develop_channel,develop_polarization,develop_preprocess,develop_task,develop_split,test_buffer,test_channel,test_polarization,test_preprocess,test_task,test_split
,42,2,[8],256,0.1,0.01,0.2,10,0.1,500,1.0,0.0,0.0,0.0,10000,256,10,2.0279765129089355,1.4240703582763672,1.00048828125,1.5113972425460815,2.223707675933838,1.1784563064575195,0.00855185929685831,4.935917854309082,1000,37,2nd,False,calibration,1.0,1000,37,2nd,False,static_north,1.0
,42,2,[8],256,0.1,0.01,0.2,10,0.1,500,1.0,0.0,0.0,0.0,10000,256,10,2.0279765129089355,1.4240703582763672,1.00048828125,1.5113972425460815,2.223707675933838,1.1784563064575195,0.00855185929685831,4.935917854309082,1000,37,2nd,False,calibration,1.0,1000,37,2nd,False,static_north,1.0
,42,2,[8],256,0.1,0.01,0.2,10,0.1,500,1.0,0.0,1.0,0.0,10000,256,10,2.8015623092651367,1.6737867593765259,1.1583411693572998,1.9193090200424194,2.690174102783203,1.3974196910858154,0.04829344153404236,5.480823993682861,1000,37,2nd,False,calibration,1.0,1000,37,2nd,False,static_north,1.0
,42,2,[8],256,0.1,0.01,0.2,10,0.1,500,1.0,1.0,1.0,0.0,10000,256,10,3.197350025177002,1.7881135940551758,1.3099169731140137,2.095339059829712,2.8932852745056152,1.5007140636444092,0.01984119787812233,8.111120223999023,1000,37,2nd,False,calibration,1.0,1000,37,2nd,False,static_north,1.0
,42,2,[8],256,0.1,0.01,0.2,10,0.1,500,1.0,1.0,1.0,0.0,10000,256,10,2.290846109390259,1.5135540962219238,1.0886993408203125,1.7657380104064941,2.4607927799224854,1.2581545114517212,0.024395577609539032,6.222919464111328,1000,37,2nd,False,calibration,1.0,1000,37,2nd,False,static_north,1.0
