seed_search,seed_run,n_layers,hidden_units,batch_size,lr,weight_decay,val_split,patience,reduce_plateau,num_epochs,lambda_data,lambda_rss,lambda_azimuth,lambda_bc,n_collocation,n_boundary_collocation,resampling_period,test_mse,test_rmse,test_50th,test_75th,test_90th,test_mae,test_min_ae,test_max_ae,develop_buffer,develop_channel,develop_polarization,develop_preprocess,develop_task,develop_split,test_buffer,test_channel,test_polarization,test_preprocess,test_task,test_split
,42,2,[8],256,0.1,0.01,0.2,10,0.1,500,1.0,0.0,0.0,0.0,10000,256,10,0.26181328296661377,0.5116769075393677,0.30064696073532104,0.47474440932273865,0.7203238010406494,0.3751453757286072,0.010289539583027363,5.419275760650635,1000,37,2nd,False,static_east,0.8,1000,37,2nd,False,static_east,0.2
,42,2,[8],256,0.1,0.01,0.2,10,0.1,500,1.0,0.0,0.0,0.0,10000,256,10,0.26181328296661377,0.5116769075393677,0.30064696073532104,0.47474440932273865,0.7203238010406494,0.3751453757286072,0.010289539583027363,5.419275760650635,1000,37,2nd,False,static_east,0.8,1000,37,2nd,False,static_east,0.2
,42,2,[8],256,0.1,0.01,0.2,10,0.1,500,1.0,0.0,0.0,0.0,10000,256,10,0.40311476588249207,0.6349132061004639,0.359846830368042,0.6094409823417664,0.9251251220703125,0.47398579120635986,0.0074874539859592915,6.4247636795043945,1000,37,2nd,False,static_east,0.19999999999999996,1000,37,2nd,False,static_east,0.8
