seed_search,seed_run,n_layers,hidden_units,batch_size,lr,weight_decay,val_split,patience,reduce_plateau,num_epochs,lambda_data,lambda_rss,lambda_azimuth,lambda_bc,n_collocation,n_boundary_collocation,resampling_period,test_mse,test_rmse,test_50th,test_75th,test_90th,test_mae,test_min_ae,test_max_ae,develop_buffer,develop_channel,develop_polarization,develop_preprocess,develop_task,develop_split,test_buffer,test_channel,test_polarization,test_preprocess,test_task,test_split
,42,2,[8],256,0.1,0.01,0.2,10,0.1,500,1.0,0.0,0.0,0.0,10000,256,10,0.24569319188594818,0.4956744909286499,0.31752926111221313,0.48453617095947266,0.7872233986854553,0.38875097036361694,0.008710276335477829,1.7699337005615234,1000,37,2nd,False,static_south,0.8,1000,37,2nd,False,static_south,0.2
,42,2,[8],256,0.1,0.01,0.2,10,0.1,500,1.0,0.0,0.0,0.0,10000,256,10,0.24569319188594818,0.4956744909286499,0.31752926111221313,0.48453617095947266,0.7872233986854553,0.38875097036361694,0.008710276335477829,1.7699337005615234,1000,37,2nd,False,static_south,0.8,1000,37,2nd,False,static_south,0.2
,42,2,[8],256,0.1,0.01,0.2,10,0.1,500,1.0,0.0,0.0,0.0,10000,256,10,0.590535581111908,0.768463134765625,0.5140379667282104,0.7621786594390869,1.0628029108047485,0.6038525104522705,0.020270949229598045,7.106881141662598,1000,37,2nd,False,static_south,0.19999999999999996,1000,37,2nd,False,static_south,0.8
